[
  {"year": 2026, "moonth_name": "Moonth of the Wolf Moon", "new_moon_utc": "2026-01-17", "start_date_ymd": "2026-01-17", "length_days": 30, "gregorian_span": "Jan 17 – Feb 15"},
  {"year": 2026, "moonth_name": "Moonth of the Snow Moon", "new_moon_utc": "2026-02-16", "start_date_ymd": "2026-02-16", "length_days": 29, "gregorian_span": "Feb 16 – Mar 17"},
  {"year": 2026, "moonth_name": "Moonth of the Worm Moon", "new_moon_utc": "2026-03-17", "start_date_ymd": "2026-03-17", "length_days": 30, "gregorian_span": "Mar 17 – Apr 15"},
  {"year": 2026, "moonth_name": "Moonth of the Rose Moon", "new_moon_utc": "2026-04-16", "start_date_ymd": "2026-04-16", "length_days": 30, "gregorian_span": "Apr 16 – May 15"},
  {"year": 2026, "moonth_name": "Moonth of the Flower Moon", "new_moon_utc": "2026-05-15", "start_date_ymd": "2026-05-15", "length_days": 29, "gregorian_span": "May 15 – Jun 13"},
  {"year": 2026, "moonth_name": "Moonth of the Strawberry Moon", "new_moon_utc": "2026-06-13", "start_date_ymd": "2026-06-13", "length_days": 29, "gregorian_span": "Jun 13 – Jul 12"},
  {"year": 2026, "moonth_name": "Moonth of the Buck Moon", "new_moon_utc": "2026-07-12", "start_date_ymd": "2026-07-12", "length_days": 30, "gregorian_span": "Jul 12 – Aug 10"},
  {"year": 2026, "moonth_name": "Moonth of the Sturgeon Moon", "new_moon_utc": "2026-08-10", "start_date_ymd": "2026-08-10", "length_days": 30, "gregorian_span": "Aug 10 – Sep 8"},
  {"year": 2026, "moonth_name": "Moonth of the Harvest Moon", "new_moon_utc": "2026-09-08", "start_date_ymd": "2026-09-08", "length_days": 29, "gregorian_span": "Sep 8 – Oct 7"},
  {"year": 2026, "moonth_name": "Moonth of the Hunter’s Moon", "new_moon_utc": "2026-10-07", "start_date_ymd": "2026-10-07", "length_days": 30, "gregorian_span": "Oct 7 – Nov 6"},
  {"year": 2026, "moonth_name": "Moonth of the Beaver Moon", "new_moon_utc": "2026-11-06", "start_date_ymd": "2026-11-06", "length_days": 29, "gregorian_span": "Nov 6 – Dec 5"},
  {"year": 2026, "moonth_name": "Moonth of the Cold Moon", "new_moon_utc": "2026-12-05", "start_date_ymd": "2026-12-05", "length_days": 30, "gregorian_span": "Dec 5 – Jan 3 2027"},

  {"year": 2027, "moonth_name": "Moonth of the Wolf Moon", "new_moon_utc": "2027-01-03", "start_date_ymd": "2027-01-03", "length_days": 29, "gregorian_span": "Jan 3 – Feb 1"},
  {"year": 2027, "moonth_name": "Moonth of the Snow Moon", "new_moon_utc": "2027-02-02", "start_date_ymd": "2027-02-02", "length_days": 30, "gregorian_span": "Feb 2 – Mar 3"},
  {"year": 2027, "moonth_name": "Moonth of the Worm Moon", "new_moon_utc": "2027-03-04", "start_date_ymd": "2027-03-04", "length_days": 29, "gregorian_span": "Mar 4 – Apr 1"},
  {"year": 2027, "moonth_name": "Moonth of the Rose Moon", "new_moon_utc": "2027-04-02", "start_date_ymd": "2027-04-02", "length_days": 30, "gregorian_span": "Apr 2 – May 1"},
  {"year": 2027, "moonth_name": "Moonth of the Flower Moon", "new_moon_utc": "2027-05-01", "start_date_ymd": "2027-05-01", "length_days": 30, "gregorian_span": "May 1 – May 30"},
  {"year": 2027, "moonth_name": "Moonth of the Strawberry Moon", "new_moon_utc": "2027-05-31", "start_date_ymd": "2027-05-31", "length_days": 29, "gregorian_span": "May 31 – Jun 28"},
  {"year": 2027, "moonth_name": "Moonth of the Buck Moon", "new_moon_utc": "2027-06-28", "start_date_ymd": "2027-06-28", "length_days": 30, "gregorian_span": "Jun 28 – Jul 27"},
  {"year": 2027, "moonth_name": "Moonth of the Sturgeon Moon", "new_moon_utc": "2027-07-27", "start_date_ymd": "2027-07-27", "length_days": 30, "gregorian_span": "Jul 27 – Aug 25"},
  {"year": 2027, "moonth_name": "Moonth of the Harvest Moon", "new_moon_utc": "2027-08-25", "start_date_ymd": "2027-08-25", "length_days": 29, "gregorian_span": "Aug 25 – Sep 23"},
  {"year": 2027, "moonth_name": "Moonth of the Hunter’s Moon", "new_moon_utc": "2027-09-23", "start_date_ymd": "2027-09-23", "length_days": 30, "gregorian_span": "Sep 23 – Oct 22"},
  {"year": 2027, "moonth_name": "Moonth of the Beaver Moon", "new_moon_utc": "2027-10-22", "start_date_ymd": "2027-10-22", "length_days": 29, "gregorian_span": "Oct 22 – Nov 20"},
  {"year": 2027, "moonth_name": "Moonth of the Cold Moon", "new_moon_utc": "2027-11-20", "start_date_ymd": "2027-11-20", "length_days": 30, "gregorian_span": "Nov 20 – Dec 19"},

  {"year": 2028, "moonth_name": "Moonth of the Wolf Moon", "new_moon_utc": "2028-12-19", "start_date_ymd": "2028-12-19", "length_days": 30, "gregorian_span": "Dec 19 – Jan 17 2029"},
  {"year": 2029, "moonth_name": "Moonth of the Wolf Moon", "new_moon_utc": "2029-01-17", "start_date_ymd": "2029-01-17", "length_days": 29, "gregorian_span": "Jan 17 – Feb 15"},
  {"year": 2029, "moonth_name": "Moonth of the Snow Moon", "new_moon_utc": "2029-02-15", "start_date_ymd": "2029-02-15", "length_days": 30, "gregorian_span": "Feb 15 – Mar 16"},
  {"year": 2029, "moonth_name": "Moonth of the Worm Moon", "new_moon_utc": "2029-03-16", "start_date_ymd": "2029-03-16", "length_days": 29, "gregorian_span": "Mar 16 – Apr 14"},
  {"year": 2029, "moonth_name": "Moonth of the Rose Moon", "new_moon_utc": "2029-04-14", "start_date_ymd": "2029-04-14", "length_days": 30, "gregorian_span": "Apr 14 – May 13"},
  {"year": 2029, "moonth_name": "Moonth of the Flower Moon", "new_moon_utc": "2029-05-13", "start_date_ymd": "2029-05-13", "length_days": 30, "gregorian_span": "May 13 – Jun 11"},
  {"year": 2029, "moonth_name": "Moonth of the Strawberry Moon", "new_moon_utc": "2029-06-11", "start_date_ymd": "2029-06-11", "length_days": 29, "gregorian_span": "Jun 11 – Jul 10"},
  {"year": 2029, "moonth_name": "Moonth of the Buck Moon", "new_moon_utc": "2029-07-10", "start_date_ymd": "2029-07-10", "length_days": 30, "gregorian_span": "Jul 10 – Aug 8"},
  {"year": 2029, "moonth_name": "Moonth of the Sturgeon Moon", "new_moon_utc": "2029-08-08", "start_date_ymd": "2029-08-08", "length_days": 30, "gregorian_span": "Aug 8 – Sep 6"},
  {"year": 2029, "moonth_name": "Moonth of the Harvest Moon", "new_moon_utc": "2029-09-06", "start_date_ymd": "2029-09-06", "length_days": 29, "gregorian_span": "Sep 6 – Oct 5"},
  {"year": 2029, "moonth_name": "Moonth of the Hunter’s Moon", "new_moon_utc": "2029-10-05", "start_date_ymd": "2029-10-05", "length_days": 30, "gregorian_span": "Oct 5 – Nov 3"},
  {"year": 2029, "moonth_name": "Moonth of the Beaver Moon", "new_moon_utc": "2029-11-03", "start_date_ymd": "2029-11-03", "length_days": 29, "gregorian_span": "Nov 3 – Dec 2"},
  {"year": 2029, "moonth_name": "Moonth of the Cold Moon", "new_moon_utc": "2029-12-02", "start_date_ymd": "2029-12-02", "length_days": 30, "gregorian_span": "Dec 2 – Dec 31"},

  {"year": 2030, "moonth_name": "Moonth of the Wolf Moon", "new_moon_utc": "2030-12-31", "start_date_ymd": "2030-12-31", "length_days": 29, "gregorian_span": "Dec 31 – Jan 29 2031"}
]
